Task,Method,Model,MAE_mean,MAE_std,RMSE_mean,RMSE_std,MAPE_mean,MAPE_std,R2_mean,R2_std,Pearson_mean,Pearson_std,MaxAE_mean,MaxAE_std,MedAE_mean,MedAE_std
SOH_30to70,Baseline,MLP,0.01369017114933504,0.00041246417973589167,0.017572946646528392,0.0005025775948742334,1.5472975190408378,0.045082121503960064,0.885759625874757,0.0066006469672992875,0.9425607719305542,0.0031058721619080043,0.07157050037185933,0.0031096257334044457,0.011372582768993233,0.00033974479609645894
SOH_30to70,Baseline,CNN,0.014402845928409971,0.0007803093607306721,0.01864762382241423,0.0005504183210711435,1.6303887615740602,0.0832277734858123,0.8713527320191089,0.0075253854371438705,0.9341675028741321,0.004427031241109863,0.08024143638165052,0.0010583619378231816,0.01171205776546077,0.001157165792212035
SOH_30to70,Baseline,RNN,0.015014748597439873,0.0002902724569411988,0.019801840033181098,0.00024224072639721626,1.6969698647750966,0.030411456461080944,0.8550389114460055,0.003547743875085444,0.9252401061848106,0.0013606474049017367,0.0860672019666305,0.0014478151862408976,0.011773181823029399,0.000951582242199992
SOH_30to70,Baseline,LSTM,0.016404744423819822,0.0004819955567373253,0.021430775176739213,0.00013568449423207303,1.8500508432914888,0.0493269890598718,0.8302270376302305,0.002154220293489718,0.9123803185892385,0.0005042528103701733,0.09025992816985742,0.002681194212859961,0.013287947318806958,0.0014025645800429033
SOH_30to70,Baseline,Transformer,0.01859659062487754,0.0007705864975449475,0.023989042440632304,0.0007821048377936312,2.0904743214859467,0.08536128545731009,0.7870573952247697,0.013788963360619378,0.8905644630229282,0.006317867482580787,0.1038394591059528,0.00851527141172337,0.01510484569421,0.000882057412943762
SOH_30to70,Baseline,PatchTST,0.026025248960484287,0.0015772861645712475,0.03291459382766956,0.00198337444323369,2.9093287925560896,0.1734915030997609,0.598092188071955,0.04974627513349914,0.8195885406557203,0.015797703799249947,0.1257217743513346,0.010321592917269666,0.021699065515519433,0.0013306868405881685
SOH_30to70,Baseline,Informer,0.016488108392538912,0.0004609011604509929,0.021514535966122943,0.0004202569449403298,1.8594967826578164,0.04975998210638934,0.828838925722641,0.006725653327861031,0.9139605221489158,0.0056468323898059974,0.09162071367623256,0.00540380985980284,0.013030988472363603,0.0007246008074027828
SOH_30to70,Baseline,iTransformer,0.022366115269526282,0.0021021470746098426,0.028721650650823122,0.002510912214066386,2.509371507796073,0.23298120608958717,0.6927437737058,0.05559482781527028,0.8431104843206019,0.02560202241146134,0.1172907525540835,0.006425859773047863,0.01827990811896506,0.0018276920725078057
SOH_30to70,Proposed,MLP,0.011416006862423039,0.0007696395624942999,0.01533243802747484,0.0008494224188148914,1.2962623972207832,0.08562376971974615,0.9128376986586098,0.00988648572212966,0.9567257514255718,0.0044882275903806185,0.07354699340488671,0.0026112270692387456,0.008692109770429368,0.0007928492442664389
SOH_30to70,Proposed,CNN,0.01019032981013017,0.000301939298210986,0.013631673138291204,0.0002725973415620994,1.1498305253282701,0.03435211856793877,0.9312856689738329,0.0027438029057304902,0.9661234717094143,0.001565350679145656,0.0717440889188039,0.0009472728608778026,0.008101808396199072,0.0003178184898121533
SOH_30to70,Proposed,RNN,0.011291004300535123,9.58944228110642e-05,0.014862566030073623,0.00013611356442340606,1.280614288903533,0.010234217626881377,0.918341880315667,0.0014984963605489572,0.9592710259687856,0.0005163998488452482,0.06927437250865884,0.0012597952987105387,0.009000391346100256,8.732782151382027e-05
SOH_30to70,Proposed,LSTM,0.01524569509491669,0.0030540887580439323,0.019035162393864782,0.003367927407365862,1.7166438613032646,0.33729921795357987,0.8618739444412095,0.04571576777034868,0.9301494427688025,0.0232246438651753,0.07904299533362631,0.009352271865517202,0.013182096218195804,0.003187770704314743
SOH_30to70,Proposed,Transformer,0.011755117680696689,0.000367188340068833,0.015312916171691008,0.000582480356029108,1.316327985038534,0.04021853693739971,0.9132001237032463,0.006456141576918433,0.9590300232397745,0.0028165428862707157,0.06699957330366968,0.004851003617373843,0.009092090709388056,0.00018541547535767434
SOH_30to70,Proposed,PatchTST,0.011545266974230287,0.0011733870729822447,0.01581176837682647,0.001770482285554356,1.3036352379389653,0.13762762079235602,0.9064276573802079,0.022332909871947783,0.9551336977238574,0.009014852990808547,0.08529685355426397,0.008505452270218034,0.008505856502863406,0.0006927260707478211
SOH_30to70,Proposed,Informer,0.01393524467277894,0.00041312647779463517,0.018036648402348678,0.00025389761257188,1.5730073039924977,0.04267986125788075,0.8797256313686714,0.0034069861304734566,0.9392208239211793,0.001967525141382542,0.07726851528981875,0.0042786026685629076,0.011344751363140771,0.0006001924073964485
SOH_30to70,Proposed,iTransformer,0.011891542386615923,0.0005280108629086727,0.016176637159340698,0.0009168526125587375,1.3421260353997377,0.060645347461382434,0.9029613568180125,0.011078166252657187,0.9533421192989875,0.0035570175979148327,0.08100093606303867,0.00725219506349733,0.008871022368244375,0.00048324860050687635
SOH_30to70,DE-DDPM,MLP,0.013069609623476048,0.0006784064613754754,0.017285444835807563,0.0006879232416023069,1.4802215405769013,0.07346084869890472,0.8893825100938791,0.008730697374579906,0.9454956453635048,0.004061903198180336,0.08560707651285131,0.0024687731621176085,0.01002188478266568,0.0008029373265028802
SOH_30to70,DE-DDPM,CNN,0.011647395595632295,0.00022724823405516814,0.01548588945305449,0.0003134709246723077,1.3170894464772092,0.025728611649872238,0.9113200204743634,0.003582430518007346,0.9564113774308654,0.0022685946366145762,0.08704270557612873,0.0023445873536836756,0.009166571363404685,0.000356774599326543
SOH_30to70,DE-DDPM,RNN,0.012271674653612142,0.00020146411171061886,0.016391266594411875,0.00026444805250764534,1.3907133859615204,0.023068335553181274,0.9006624572668397,0.003178823122442812,0.9510866376473321,0.0010680045597513037,0.08414391403714785,0.0010731850842002528,0.009116315214609228,0.00018632214931967782
SOH_30to70,DE-DDPM,LSTM,0.0224619203379521,0.006046708753314314,0.025970363453988527,0.00600678973410179,2.4891495956019574,0.652564667858802,0.73735769301838,0.10671690515662786,0.9137744586701213,0.02891758684389878,0.08670844251419296,0.007554283757633608,0.021665886455356886,0.007106946880078826
SOH_30to70,DE-DDPM,Transformer,0.015520815372013386,0.006906690475517047,0.019134772766255945,0.006850359109567496,1.7322968259243083,0.7496107220392566,0.8473152000762992,0.12283327035264399,0.9431331764942206,0.0240621864438796,0.08476262805193353,0.0054036787613890675,0.013738275869889982,0.008148348171560574
SOH_30to70,DE-DDPM,PatchTST,0.013116243195825206,0.0008691549374247937,0.017568804764698926,0.0010493671178762281,1.4825057163952047,0.09686839065926417,0.8854997584962714,0.013831539485082934,0.9431129665854634,0.004601285572630931,0.09224964502998431,0.003302328016758839,0.010196812824814005,0.0007607371281243322
SOH_30to70,DE-DDPM,Informer,0.01490222214903469,0.0007138902294295188,0.01913287478341285,0.0005880517856223767,1.6777935279381588,0.07619419787568678,0.8645603325992411,0.00841636183115993,0.9334944201157448,0.0027096915572015034,0.08441117578502626,0.003718825910010595,0.012300702473266168,0.0011229976429559894
SOH_30to70,DE-DDPM,iTransformer,0.012774659867867003,0.0012745549498038653,0.017018590478520387,0.0015018372790811855,1.4417596913882216,0.1424591016204401,0.8921074382500122,0.01974656186821289,0.9460896497316943,0.010068822889912035,0.08637033504201383,0.00485009700742091,0.010048491760082923,0.001178389696244591
SOH_30to70,DDPM,MLP,0.013887759852010564,0.0003959789423393649,0.01804994252278202,0.000469784846971949,1.57320234062277,0.04381795595354698,0.8794905521522853,0.006229446526454543,0.9403161659206379,0.002785872931030682,0.07773388955850435,0.002580672378042803,0.011119506688382751,0.0004652600646940313
SOH_30to70,DDPM,CNN,0.013080107267739807,0.002145075595621317,0.017165836691183135,0.0027294785475860703,1.48007885418303,0.24295869110506946,0.888326767542529,0.03812066503858897,0.9451311529493855,0.01861090088288968,0.07685126843470953,0.007050946741711879,0.009955625501744314,0.0014448243085619528
SOH_30to70,DDPM,RNN,0.015570043603051874,0.00013665476521750026,0.020323909753906397,0.00021171148733125205,1.7613704677236002,0.013180079777737814,0.8473007174452979,0.003188748773277143,0.922259502667275,0.0008729699607357976,0.09132908727770968,0.0014863738114260577,0.011186956467794685,0.00043706983990016114
SOH_30to70,DDPM,LSTM,0.017152695756233835,3.0536568471279924e-05,0.022340657023565504,0.00011012583230901628,1.9375343757186176,0.0035706285011369195,0.815507892045783,0.0018238004092133698,0.9056898935370807,0.0006770114521541196,0.09778542465550148,0.000764575217590092,0.012038226322789692,0.00024325825039219956
SOH_30to70,DDPM,Transformer,0.013048137910356217,0.0005309692808508484,0.01790130331128745,0.0007493976211463688,1.4782847332310194,0.06014376217956371,0.8813397961362922,0.009910287311050902,0.9432689729156938,0.004199047806370996,0.09528788569079386,0.0027980983424297536,0.00948663548113765,0.00032970238857998126
SOH_30to70,DDPM,PatchTST,0.017388495184741424,0.0010794269302570802,0.022977642344174123,0.001156958447369327,1.9606488069442887,0.11809284877682741,0.8043472531822978,0.020161548430198725,0.9015139162038881,0.008899015410082997,0.09829070053902304,0.0037126734480291143,0.0134038490590912,0.0014521931806460743
SOH_30to70,DDPM,Informer,0.015273388197859233,0.0005316183468364207,0.02077302048945467,0.0005322050701677983,1.7310634276568568,0.057810267090749,0.8403901727382739,0.008197665210848519,0.9216905204737221,0.004301194801956799,0.09239734650442288,0.006453449645727883,0.011081038982509306,0.0009183045916359625
SOH_30to70,DDPM,iTransformer,0.015459331635355488,0.0006345705395560908,0.020998427040896172,0.0007222829086545306,1.748902252719296,0.07129364911598338,0.8368216947222653,0.011230406846783952,0.918423192387418,0.004801756448475048,0.09358185267172611,0.004451229222934237,0.011213511812687548,0.0007392874687756376
SOH_30to70,GAN,MLP,0.012638718058217882,0.0002956341172886128,0.016582048277102687,0.00022134784653503976,1.4343901084477875,0.03248051245823944,0.8983449199752733,0.0026966339237595367,0.9484118725574049,0.0015585379126783878,0.07643523125588554,0.003414194696884852,0.010015233038311356,0.0005025321734731745
SOH_30to70,GAN,CNN,0.011625232941189388,0.00040665470434107,0.015519630319200645,0.0006979902796710401,1.3194454892564362,0.04843942648337166,0.9107895620889792,0.008044965099034598,0.9549553052106153,0.003857654699605975,0.078272298770524,0.006990657548204312,0.009048369762963327,0.0002148079474971316
SOH_30to70,GAN,RNN,0.05029154773262277,0.021577980976484865,0.06159391393119453,0.025065107510855358,5.6108143131603585,2.393096981225357,-0.6345603346470099,0.990318637191715,0.5309815722483229,0.24350307456016795,0.20454434011190442,0.05513814718998215,0.044398014043331456,0.020852098316085255
SOH_30to70,GAN,LSTM,0.06681845658775201,0.0008101971875585999,0.08096395533266705,0.000904412009715774,7.444566678847449,0.09177794331149011,-1.4233323468167103,0.05405999330829433,0.3405008478912013,0.00742504774594347,0.24418073784802904,0.007427673868114302,0.05993858808594654,0.0009279731406735669
SOH_30to70,GAN,Transformer,0.01660242563391517,0.00048547276459815365,0.02176072205540621,0.0002822627660313695,1.8771859235690749,0.050129911151468455,0.8249367340854873,0.0045270010029175595,0.9094135587831562,0.003190434488573211,0.0967816559269461,0.004062100262458917,0.013113478068518092,0.0008983056642262035
SOH_30to70,GAN,PatchTST,0.017021141965721322,0.000615863750847576,0.02247207961579361,0.00048706380385764384,1.9202208920021249,0.06666652441380834,0.8132477435226775,0.0080813501842912,0.9038030385887336,0.0046840975660591986,0.105133951401462,0.008299789366980202,0.013247819996078658,0.0008922111089829966
SOH_30to70,GAN,Informer,0.016812700425550574,0.0013660597387547078,0.021892366572823802,0.001839085289079137,1.8970919810567863,0.1533675687400017,0.8215917962527517,0.028796561457893152,0.9094282175506141,0.014268193268455036,0.09786464074961072,0.00651823015999101,0.01327140278278265,0.0011073256271905334
SOH_30to70,GAN,iTransformer,0.016372327227295383,0.00016151581096969137,0.0218206134474906,0.00026046741485738283,1.8481026363109598,0.018177919056505423,0.8239762998426094,0.004218495272176525,0.9096260217658207,0.00171269797520087,0.10089304467691948,0.009585819851140055,0.012430087678486846,0.000362760348840726
SOH_30to70,VAE,MLP,0.017582878439146226,0.0004445986187682405,0.022475957437440193,0.00073871849431453,1.9931292968151404,0.05244743832007593,0.8130692922979925,0.01211362141230634,0.9315538468956923,0.004127661046059446,0.10508353740466347,0.0037726182702482467,0.01444318669608019,0.0010184059520552558
SOH_30to70,VAE,CNN,0.015438846978344004,0.003876559886037756,0.02041961090183238,0.004389339404970325,1.7489652555218282,0.4344124751468143,0.8387544600773642,0.06887077755216435,0.9308331822093704,0.02500985514641857,0.10291859745939176,0.01251577911348803,0.012432008408393558,0.004185563841674534
SOH_30to70,VAE,RNN,0.01899754353903254,0.0003198348826579656,0.02424358399577175,0.00033336996168640155,2.1396497142583453,0.03282042787448964,0.7827043084841283,0.005946895066592655,0.9152052137646427,0.0011620951154208195,0.11550170918797265,0.0022281992439626675,0.01645879062871316,0.0007184321516577347
SOH_30to70,VAE,LSTM,0.020050580535358915,0.000317270516940727,0.025367926234331973,0.00038171395624903844,2.252085377723052,0.034384118175637704,0.762073065046801,0.007093523881098117,0.9018030345073713,0.0018279863157417615,0.1175982847205435,0.0025814469105899735,0.017740017791103325,0.0004661415688382662
SOH_30to70,VAE,Transformer,0.01721166970783629,0.0018859047538479117,0.023452089586115547,0.0017587785612815543,1.9562618359772113,0.20395889365775205,0.7955561013360958,0.03149167805042424,0.8982019537035535,0.01106732773433801,0.12886271947919842,0.007259781051079231,0.013145227645363,0.002266732454663408
SOH_30to70,VAE,PatchTST,0.016845231672450604,0.0010923363428974467,0.02320890032887531,0.001037427162519444,1.9174004500178152,0.11609170747472213,0.800496113527562,0.01806501076044235,0.8982799209997261,0.010208715684271452,0.11221123331909244,0.0077278392384195265,0.012042250709260882,0.0013911396646896065
SOH_30to70,VAE,Informer,0.016653951782644016,0.0004416739819579537,0.022338549183274,0.0008407788219322419,1.894847227902023,0.04696423998585783,0.8152858863676741,0.01426348055316769,0.9078225679544063,0.0011740748231905019,0.10724851275509473,0.005361192339614962,0.012576906974366097,0.0011534465725976115
SOH_30to70,VAE,iTransformer,0.016328715503379426,0.0004684997586541234,0.022298740679841823,0.00023713683032675775,1.8578689839842752,0.04629266798448711,0.816183223955985,0.00393215406741994,0.9055054921622622,0.0022369034703304956,0.11280553547635422,0.00957947451034486,0.011942658945818817,0.0013757163814740894
SOH_30to70,GaussianNoise,MLP,0.011642556885673953,0.0005592920275778461,0.015394218946015972,0.0006471771332246769,1.3224312557645908,0.06255255956934871,0.9122478908552292,0.0075810345841576966,0.9556218188940573,0.0033926133938108603,0.0748567010677214,0.003079891098375591,0.009243871153252125,0.0006416760917106905
SOH_30to70,GaussianNoise,CNN,0.009554461353663491,8.962993276079085e-05,0.01293850018907793,9.503371668652346e-05,1.0832881473854121,0.009711615060856318,0.938117669623861,0.0009100719955953211,0.9688419635040593,0.0005107661407690386,0.07023002267492784,0.002017497889958691,0.007208310512341198,0.00014439423277358665
SOH_30to70,GaussianNoise,RNN,0.01171004437760209,0.00016771910575337626,0.015608088067517975,0.00016391502694760874,1.331571164753384,0.017594960052038016,0.9099419233962884,0.001889930381454921,0.9545274902284767,0.0007905053909148506,0.07397305909515901,0.0018140027388727682,0.008990017634346047,0.0003603274409273962
SOH_30to70,GaussianNoise,LSTM,0.015055293579421137,0.0016275444201272278,0.019442108062499512,0.0020083950280042335,1.7001213452420754,0.1796812530417997,0.8587878922200867,0.027660201865850803,0.9272266785517544,0.014614891244654081,0.08535472328758212,0.004888963586208681,0.012574157173639466,0.0016963297398959784
SOH_30to70,GaussianNoise,Transformer,0.010381040748656515,0.0002435408390666352,0.014075960204774701,0.00037454532411793887,1.1690558261320148,0.027608257546294177,0.9267109986681458,0.003939086821959054,0.9630552476437858,0.0019057309769694164,0.0738211031007121,0.004342707522423812,0.00779794803982955,0.0001619663674364182
SOH_30to70,GaussianNoise,PatchTST,0.013801253599511393,0.0004298648902690902,0.01836109550079539,0.0005939491480093013,1.5537915460249399,0.048422483324547176,0.8752539655818513,0.008073504323964939,0.9358812902164869,0.004222356257922364,0.08885400698588967,0.006075870511794812,0.010704038942541927,0.0006538875439958227
SOH_30to70,GaussianNoise,Informer,0.014404121348704701,0.00047412632609136995,0.018879826547056677,0.00034524513747551474,1.6287987417494552,0.048925593353893446,0.8681996513221397,0.004827272621188394,0.9330743434680615,0.0022009519980127007,0.07950092861794207,0.004162659971229349,0.011399632310905138,0.0010654040811842514
SOH_30to70,GaussianNoise,iTransformer,0.012762726289080146,0.0012080245794574022,0.017613431575358957,0.0017693619696799265,1.4416570646375344,0.13916941922199916,0.8841692350425294,0.02432855645190148,0.9418479592432376,0.010595907192123884,0.09239187640726923,0.0054866648384226625,0.00924003411908365,0.000683902196602344
SOH_30to70,TimeWarping,MLP,0.01162449052148685,0.00021179550081825826,0.015552460350569387,0.0001411475748142613,1.323922589891021,0.02190129320401764,0.9105852157335249,0.0016213295167407861,0.9549121071871565,0.0008237343037250889,0.0720358244832355,0.0029565756877934202,0.009012107503488164,0.0004606628941343158
SOH_30to70,TimeWarping,CNN,0.010455192477902421,0.00157127247435938,0.014128868178653099,0.0015500292816611058,1.1882974734682092,0.17609259470957683,0.9253231720766175,0.017020500312237636,0.9624067413894343,0.009063847387418363,0.07076649640489105,0.0023312928098705075,0.00769233444883054,0.001800848608242567
SOH_30to70,TimeWarping,RNN,0.012925106391033567,0.0006382092594661547,0.01760808077592784,0.0010491853508006429,1.4702894186686961,0.07175451504954439,0.8849892062420253,0.0142033836641369,0.9419955637855313,0.006879489402383033,0.07971035898809194,0.0031848835888901137,0.009400264594365226,0.0004341444978188054
SOH_30to70,TimeWarping,LSTM,0.014553328156596134,0.001066694877034212,0.019547277943857876,0.0014746713780999358,1.6496383583646819,0.11746812473855056,0.8579593457920499,0.021359555148274294,0.9276824954331433,0.010411187292093957,0.08514660290833634,0.004358495343682725,0.011058357552159403,0.0012700929146973246
SOH_30to70,TimeWarping,Transformer,0.010573741973777034,0.00024800552207247784,0.014494919307352024,0.00017853747831697206,1.1963771835864088,0.02653820153973876,0.9223265052908436,0.0019200588511519025,0.9608887984919118,0.0010265019512943356,0.07786363766661064,0.006840020400593956,0.0076779717557647455,0.00046312929255922186
SOH_30to70,TimeWarping,PatchTST,0.016920852455699152,0.000549236817738981,0.022288927441585997,0.0005717451517131105,1.9091609395571627,0.06024262130515166,0.816244912947685,0.009329787247592695,0.9072516208385171,0.0041957960084620174,0.08929632364440483,0.005568174561352387,0.013086890268895557,0.0007493801439072257
SOH_30to70,TimeWarping,Informer,0.014932426431562434,0.00019502285622380355,0.019910823672097754,0.00048065486452624867,1.6914498851887791,0.022700380540434547,0.8533754051081728,0.0071757236920127095,0.9253791741537727,0.0025259181649425035,0.09004962447243811,0.01014136969065809,0.01146328636216808,0.0004655312447832884
SOH_30to70,TimeWarping,iTransformer,0.016117307151734747,0.0004970131662673296,0.02116546369075379,0.0005476251505991566,1.8185524236515511,0.05224978744031897,0.8343003584159836,0.008717505514369778,0.9145738722294068,0.004655657627553802,0.08730279482876413,0.0020663918935120143,0.012739816440055174,0.0007729790839122607
SOH_30to70,Scaling,MLP,0.011555421230595211,0.0005937497733866477,0.01542186445222816,0.0006951312901147674,1.3136681683043996,0.066573528610891,0.9119091941994965,0.008185694812058797,0.9555512286022875,0.00336380048705608,0.0749216518329536,0.0030510341357302185,0.008838367009400461,0.0005438140781340555
SOH_30to70,Scaling,CNN,0.009635847603415796,7.690193681330654e-05,0.013001699792490518,0.00012363322518247873,1.0920367180415909,0.00941326184628144,0.9375093713869458,0.0011865753728027301,0.968801041872046,0.0006137368859307493,0.0702206698119413,0.0022958735044484764,0.007203781602346149,6.822274644649e-05
SOH_30to70,Scaling,RNN,0.01207498287442019,0.00019104925580827324,0.016041522992485385,0.00020896633395556453,1.3721616712297227,0.01937725580699542,0.9048650172024931,0.002500310402524336,0.951755196671326,0.001109557233432816,0.07564565194101233,0.0015111807298399942,0.009254407138654308,0.0004893892892859074
SOH_30to70,Scaling,LSTM,0.014631946943986746,0.0011596361718093193,0.019218421297054828,0.001431965865139689,1.6555976013989457,0.12725866462720417,0.8627174925126988,0.020397966924879784,0.9295426366103665,0.01091901705896609,0.08417168348397104,0.004753192738267167,0.011637106517864804,0.0014655878378202218
SOH_30to70,Scaling,Transformer,0.011236553853017492,0.0003869659400724625,0.015256675829048046,0.0004982540778495978,1.2676346592028664,0.04384608366737092,0.9138692665631805,0.0056451231967952235,0.9560985888233586,0.002976123570604124,0.07830395983447,0.0034120470311092767,0.008417168053354107,0.0004408238305463859
SOH_30to70,Scaling,PatchTST,0.014103954957144043,0.000993171074480859,0.019253911874760662,0.0011988921564572291,1.593473165244561,0.11307007724621734,0.8624394436670209,0.016858546164546316,0.9315085346385586,0.008280419554684577,0.09256419921975914,0.006108270242171224,0.010365428422053857,0.0009061793032485271
SOH_30to70,Scaling,Informer,0.01447233611680199,0.0002625534166162567,0.01896353577989108,0.0002657048679674666,1.636576616437393,0.02587706422562935,0.867046663648544,0.0037286926245221827,0.9321063436244316,0.0014269031592049068,0.08067301937595595,0.0026152325365584993,0.011429188243071663,0.0009100550138324218
SOH_30to70,Scaling,iTransformer,0.013443407151151613,0.001095304618694177,0.018314449438884335,0.0012010897298946528,1.5179491933729936,0.12470269406697677,0.8754834837955807,0.01643308605696608,0.9361612236294968,0.008767036472422284,0.09296460207020267,0.0032883546387090807,0.009992191655505845,0.0011827997450022882
SOH_40to60,Baseline,MLP,0.01384854484879181,0.00040151779244961217,0.017232605039309193,0.0002887996360579476,1.5743430967631002,0.04200381940418882,0.8844655168861006,0.003869496882388389,0.9418610416307986,0.0012728485725812607,0.0704786406558624,0.0028176437436031633,0.012009559945257386,0.0006511304796723834
SOH_40to60,Baseline,CNN,0.014151669484540474,0.0006231011740037622,0.017732050982726916,0.0007708804396602221,1.6121977552267137,0.06934938259860975,0.8774747008693545,0.010797185220212367,0.9368965395123849,0.005811376625050909,0.07716447132756073,0.002138479264112766,0.012073935376646572,0.0006403763442779455
SOH_40to60,Baseline,RNN,0.01485678111980399,0.000363079571515666,0.019306776397561214,0.00023945092814985232,1.6938058742311974,0.03727639376329334,0.8549979542482655,0.00359908278068517,0.9252686857540382,0.00169097670980994,0.0849679248697035,0.0026433152636404604,0.012396656356562341,0.0009319955233597542
SOH_40to60,Baseline,LSTM,0.016268027933824668,0.00012352359670598923,0.021263570592904808,9.467402367974963e-05,1.852838655824216,0.013236641886854698,0.8241393015331653,0.001567978103871701,0.9082282061675666,0.0007186097356405194,0.09099961866446578,0.00223382371675197,0.013612689343248174,0.0002773115788271577
SOH_40to60,Baseline,Transformer,0.01909676191934063,0.00035977766097194496,0.024811943876451185,0.0004814958943714072,2.1681587520414403,0.04082330295477658,0.7604628399694499,0.00928500719425763,0.8781662313234359,0.0034135590507627742,0.10244709219724064,0.004886429182794855,0.015296001101161538,0.00044323302036114497
SOH_40to60,Baseline,PatchTST,0.028362571194096936,0.0007622303163551447,0.035888263139860495,0.0006564960971700855,3.195476620356666,0.07767725291838179,0.4988843331365736,0.018328612774265153,0.782430060410019,0.009178052341483547,0.13692656911869291,0.014877772723277028,0.02354466567361436,0.0010489795784650578
SOH_40to60,Baseline,Informer,0.01641150344420197,0.0005409292443532631,0.021094887866398206,0.0008282619843195841,1.86369080024267,0.061988061949403435,0.8266550287666075,0.013731128300172073,0.911094434284476,0.007162246913546653,0.0913472471741394,0.009040930279446193,0.01332576002922834,0.0004101923202963815
SOH_40to60,Baseline,iTransformer,0.021864547496218505,0.0017730386186839684,0.02790877886971698,0.0017794947464930613,2.4727879674421094,0.19480336093131914,0.6958194065392227,0.03961594662623447,0.8509836178740582,0.01537517265661254,0.10761125041661512,0.008337585017057456,0.018029066989052468,0.0021649340889716346
SOH_40to60,Proposed,MLP,0.011555198326414254,0.000992583940764502,0.014955877163762796,0.0009884583455475543,1.3176419784632034,0.11098585571641019,0.9126215193179317,0.011973557433862301,0.9562206156668462,0.005973208630193559,0.07027540913906741,0.002735002100784978,0.009673169039550211,0.001075195880047079
SOH_40to60,Proposed,CNN,0.010725558324975898,0.00024134458664650505,0.014034766517616185,0.00022966259694664137,1.2151759217331697,0.026236403686465556,0.9233672413660736,0.0025300210943140044,0.9624675966724923,0.0004267708251885506,0.06665375340756403,0.0012625174228844635,0.009040770930590502,0.00015633349371000285
SOH_40to60,Proposed,RNN,0.01136508339561447,0.0001329768836511512,0.01464048774570767,0.00015658719208196353,1.295409144340661,0.01483784494107665,0.916622558143185,0.0017706296150408916,0.9581601219313592,0.0008161249480823019,0.0711053857410107,0.0015984243040310165,0.01000857539309712,0.00014024436306422268
SOH_40to60,Proposed,LSTM,0.013753180053962144,0.0025380000437787644,0.01777679436232772,0.003130964645247921,1.56720665932622,0.28700704026856827,0.8732750832253868,0.04297661949856993,0.9356743139752048,0.022429264014647052,0.07844421147324894,0.009108305745820819,0.011753638174946412,0.0023892302588341186
SOH_40to60,Proposed,Transformer,0.009852356814133196,0.00042476090874814774,0.013139493033981342,0.0004369180612336562,1.115111606705235,0.047745761611653253,0.9327759062973506,0.004531082953719455,0.9664609498998082,0.0021990344666612534,0.059788834587467865,0.0020404312637754404,0.007694495638779353,0.0005041591186868747
SOH_40to60,Proposed,PatchTST,0.013658722666677905,0.0018347010899532146,0.01752697831451719,0.002351165141244305,1.547611352547088,0.2086034776485827,0.8783680842977688,0.03526661994838402,0.938465603031657,0.018876696039031263,0.07939185417259506,0.008043553525198918,0.011410761332730168,0.0013733227010497293
SOH_40to60,Proposed,Informer,0.013464105487935163,0.0002981775935672704,0.01729968706349601,0.0003674979532377207,1.5334827818180323,0.03249213703640915,0.8835444393454723,0.004963002367567902,0.9416997370104774,0.0024598031436771175,0.07568721759834814,0.007125932237592426,0.011063218385525476,0.00035967933913405017
SOH_40to60,Proposed,iTransformer,0.012380595484522037,0.00020029008166876381,0.01657001968670275,0.0005058199915538849,1.4096316821342785,0.02229167789364261,0.8931096853902123,0.006604934433847291,0.9475070202499511,0.002080434444091689,0.0868050572938011,0.006556986824041417,0.009806696648440671,0.0005550807335296075
SOH_40to60,DE-DDPM,MLP,0.012473345202282052,0.0008842869902312579,0.01631183375691219,0.0009428708065612775,1.4229503350764756,0.10043927678973295,0.8961654213831747,0.012127595407429888,0.94876479939511,0.0066647849658072284,0.08513886688097014,0.002166801180510716,0.009908740219183032,0.0009454227737366844
SOH_40to60,DE-DDPM,CNN,0.011662941963466344,0.00018553974941099387,0.015358399128086777,0.00025413827796017056,1.325103549351144,0.02121483266882689,0.9082304515676887,0.0030303660576301637,0.9549870602638546,0.0013854426907763415,0.08362685708677915,0.0008997184881930887,0.009522090798017635,0.00023324807629056314
SOH_40to60,DE-DDPM,RNN,0.01227007338823358,0.00017501194009420708,0.015939150953922683,0.00020148140123395943,1.3976310641393987,0.01911306976998303,0.9011702825162942,0.002494615657122386,0.9515599365425574,0.0013082042905460357,0.0850904591765473,0.0023499112791976625,0.009956445721274399,0.0001271494754417252
SOH_40to60,DE-DDPM,LSTM,0.020315224653945405,0.006755976673251691,0.023977957867648406,0.006854589019925626,2.2756752076617524,0.7387749737366667,0.7581044908672484,0.12166361397306114,0.9108542667565995,0.03509264864692966,0.08799124815661397,0.0089189628502864,0.019218920810665875,0.0077623365906246
SOH_40to60,DE-DDPM,Transformer,0.011796865300883202,0.00017979721630828299,0.01518692290600743,0.0001935716362988644,1.3353772528045524,0.02045584724033826,0.910278211178696,0.0022821276339945865,0.9567793392982968,0.0012740103217494076,0.0810317946100344,0.00409793254997527,0.009634353182941013,0.0002781217217894673
SOH_40to60,DE-DDPM,PatchTST,0.015294847027836303,0.002754182364219598,0.01954665737539119,0.0029663876873901396,1.7292399671550858,0.3047912200254449,0.8479727120350546,0.049647600255010534,0.9261761989410999,0.024669802922075032,0.08364448590581533,0.003539139931427699,0.012951832862068658,0.0028881376863291205
SOH_40to60,DE-DDPM,Informer,0.014165220899283978,0.0017082383779717686,0.01793039816382353,0.0015982051457354533,1.605930351309296,0.18710366400050119,0.8739611502357569,0.023294685085767732,0.9396170862773259,0.008358026902449238,0.08056888985122893,0.0040287011807810255,0.012134774717723663,0.0022105754129993094
SOH_40to60,DE-DDPM,iTransformer,0.012876389111843512,0.00040570204562523365,0.017144003970266893,0.00034861266196735787,1.4659819223088628,0.043431077314276596,0.8856353374331338,0.004640182708246747,0.9431437394973884,0.002817853758596404,0.08868764109149747,0.010962219499508853,0.010266203987142364,0.0006148804261541698
SOH_40to60,DDPM,MLP,0.013325476259684315,0.0003938831822607578,0.017032517333349227,0.0004452539925285411,1.5243306679140205,0.0433219578756193,0.8870874642498572,0.005913641945091339,0.9460434431068933,0.002780703686875149,0.07483839660022344,0.0027758546032731267,0.010217926101637898,0.0005282460986890171
SOH_40to60,DDPM,CNN,0.011953499731710834,0.000874167076882061,0.015413979546230843,0.0012761938482413813,1.364632946176521,0.10411449669026045,0.9069568810483511,0.01581432694531791,0.954734138820692,0.007682747471251614,0.07910352635477216,0.00397740561289316,0.009499071543436821,0.0003306650483679493
SOH_40to60,DDPM,RNN,0.014285572711264714,0.00036113034033751645,0.018435953504051354,0.0004892445570228051,1.6357902183844584,0.04080728767101601,0.8677106915962011,0.007041231051932839,0.9344971636612133,0.003979141321676326,0.08783308150709235,0.002046759803535036,0.010995057552492193,0.0003613102464666617
SOH_40to60,DDPM,LSTM,0.01565757729501722,0.0009977045330091174,0.020367073827136928,0.0013042574713687477,1.7914916102968963,0.11174575890606736,0.8379972490241986,0.020878602498709323,0.9198955103787627,0.011216411448954066,0.09232663354947053,0.0024136151123718553,0.011742693554994188,0.0010735819135551502
SOH_40to60,DDPM,Transformer,0.013310606369443107,0.0003444502129412752,0.018083979386180102,0.0004452232118318086,1.5212232173459928,0.03870345123641274,0.8727262135884798,0.006266359968319782,0.9401989450626113,0.0018242209224499106,0.09099799297755548,0.00574965141293127,0.009662197865728295,0.0003632056051921261
SOH_40to60,DDPM,PatchTST,0.017807000270177748,0.001335191741586738,0.023342516166684618,0.0015172255851489613,2.0263408886063976,0.14899455124852473,0.7871791998582562,0.027572447116430997,0.895889077440056,0.01305200191226808,0.09779909694795566,0.006418039799058889,0.01374230910765104,0.0013277306662072272
SOH_40to60,DDPM,Informer,0.015172364024754687,0.00031911098948782387,0.02033609805219821,0.0006372854339048559,1.7331656833053788,0.036533144105827565,0.8389913009617536,0.010209075689970539,0.9206310197595167,0.0031010087062826553,0.08936740540310269,0.004261607895811033,0.011296098773030883,0.0005575803524611263
SOH_40to60,DDPM,iTransformer,0.016457655470453962,0.001316034716983042,0.021757830825094294,0.001561208755520214,1.8762717880815476,0.14960413882602286,0.8149243559548021,0.026198996205884614,0.9071063134672986,0.01331252593468949,0.09671508832609348,0.004456877556951458,0.012747466904952386,0.0013284173807490969
SOH_40to60,GAN,MLP,0.012758744551174442,0.00011390186512312402,0.016336706350475655,0.0001806850050985657,1.4584930170351709,0.012288521289688006,0.8961826533494583,0.002303313442205705,0.9472892909288955,0.0011375881879855732,0.07659422107536722,0.003542458408893947,0.010426101063837966,9.870337459494529e-05
SOH_40to60,GAN,CNN,0.011068941250229045,0.0003048877380049312,0.01438059486406482,0.0003703334954917609,1.2630027719527575,0.03494033399998476,0.9195123178535278,0.00411084068460228,0.9592784626064574,0.0023844557727528315,0.07016202116511268,0.005144155975157324,0.009056223807528107,0.00036371682058990005
SOH_40to60,GAN,RNN,0.04592948674146956,0.025484991741661328,0.05571268438076904,0.029956593651549953,5.172687093457602,2.856744237582198,-0.5562844863439782,1.156463310436222,0.5763139975252034,0.28711612429817507,0.17424230911689448,0.07433636714060367,0.04199534320369315,0.024332462995555935
SOH_40to60,GAN,LSTM,0.06786529112618127,0.00043178093090260575,0.08165665198113689,0.0004956350201651629,7.631961939115916,0.046781744234901244,-1.5935040848515765,0.03142710717378816,0.33048677637855906,0.00525371610475748,0.23744441351792317,0.005336663426327434,0.0623616449214226,0.0008308219614627236
SOH_40to60,GAN,Transformer,0.01721710433841326,0.00023653688108037175,0.02219849047402667,0.00019427061040636843,1.9574362634416562,0.024989075046746453,0.8083239087562827,0.003349905784786988,0.900377042695521,0.0016304132979767844,0.09137154396489473,0.0033785949890519523,0.013932508575294156,0.00041676985549679026
SOH_40to60,GAN,PatchTST,0.01758271634814386,0.0007876194029840528,0.02268874504882131,0.0006867280620776113,1.9969989848932914,0.08650717745251148,0.799595980424785,0.012076571670752394,0.8973554575898204,0.006052539311007827,0.09335196697063441,0.0016430447796968546,0.014258238993773365,0.0012383450194917492
SOH_40to60,GAN,Informer,0.015669376972052573,0.0012584705887235428,0.019935150244197664,0.0014679140306173173,1.782515519119661,0.14260295045915253,0.8445913375875669,0.022520517435061494,0.919716942598947,0.011835614201458152,0.0912666738822467,0.00876445785701399,0.013098247949042786,0.0014148901313254128
SOH_40to60,GAN,iTransformer,0.01730692717204514,0.00034498524316658823,0.022650144626653684,0.0005015967544399521,1.9685192073652964,0.03635324111612491,0.8003622388754902,0.00890437753376608,0.8966056247208826,0.004999499545435575,0.09616007704466514,0.006579422358600609,0.013790219664624969,0.0008970926475872465
SOH_40to60,VAE,MLP,0.016585510925507085,0.0005949413911223681,0.020635099050061948,0.0006057850792509149,1.8792800971613093,0.062250349413743813,0.834241792229253,0.009678468836464532,0.938297748585734,0.004282478213255194,0.09732807260588863,0.00393185926621679,0.015254572638818954,0.0008770944260636685
SOH_40to60,VAE,CNN,0.014173228319842957,0.003619673658383441,0.01851130590042654,0.004360430987710665,1.616128774253164,0.40976172443790637,0.8593257985294409,0.07163390884573641,0.9334387221770672,0.030427117391168254,0.10073438530559382,0.013678324732003162,0.011842235161126879,0.0036364245386762066
SOH_40to60,VAE,RNN,0.01856122349675062,0.00020930958615727202,0.02423391099413589,0.00018144917005813248,2.1211365127710686,0.02014884089168186,0.7715668328652363,0.0034260103351652907,0.9123781682010282,0.001545590421372134,0.1161095243144705,0.000907973420431278,0.015441255193944726,0.0005517861132436526
SOH_40to60,VAE,LSTM,0.0193580088195364,0.00010714343129640834,0.02511727371533696,0.00011588381734127722,2.2050075087210628,0.011323792980109883,0.7546183746307059,0.002259392289705513,0.8958887471843451,0.0006405846477961167,0.11665676121294315,0.0006810070774040638,0.016378488776377143,0.00011841715435144166
SOH_40to60,VAE,Transformer,0.016253560348758744,0.000990786350874517,0.022687240838135708,0.0013172908889610621,1.866366288760729,0.11809936607495414,0.7991310341232017,0.024017316394252614,0.8975755661800774,0.014467279221521854,0.12828080912778636,0.006746491564540621,0.01205636851663966,0.0008336224369759824
SOH_40to60,VAE,PatchTST,0.019282575685239254,0.0016606451884114213,0.02557641316133189,0.0013975068140765433,2.1993951830353216,0.1748223568223752,0.744811109108049,0.0272415400189658,0.867458482297808,0.016628547930834344,0.11239302996219747,0.008989799695997266,0.014933787140959786,0.0023057920652128343
SOH_40to60,VAE,Informer,0.016987157746066923,0.0006509384225564056,0.0224300480518707,0.00044595099721380716,1.9436130914420056,0.06437304612523866,0.8042418539871511,0.007734116154526464,0.898650547018398,0.004363560392071669,0.1081345386750682,0.008410836706153817,0.013317873529934054,0.0016595342022763502
SOH_40to60,VAE,iTransformer,0.016821065029175207,0.0004323932730697638,0.023464805260288997,0.00023944687243680245,1.9331580306518894,0.04617380414610947,0.785825911208519,0.0043736480309526996,0.889796136163208,0.002423936795672362,0.1258765391551075,0.007672099980616437,0.012314944198703414,0.0008244123596697219
SOH_40to60,GaussianNoise,MLP,0.011077167050374242,3.411722893617875e-05,0.014507018833838165,0.00013377000291241593,1.2680825079463858,0.0027327043485008726,0.918138240860427,0.0015087797300829442,0.9585492470219356,0.0006944133698738674,0.07419903252611822,0.003195510944702475,0.00910813219710348,0.00026064566055046
SOH_40to60,GaussianNoise,CNN,0.010066608990485488,0.0002305978973760863,0.013371780246404275,0.0002737134940754491,1.1481484068384322,0.026173735206328562,0.930425804944373,0.002839115107833384,0.9651069759932926,0.0014365403165336904,0.0707010942238743,0.0026186208727341574,0.008071873333782143,0.00026346257730053133
SOH_40to60,GaussianNoise,RNN,0.011535985078718421,0.00016498576855672204,0.014545133843027566,0.00011386029272874628,1.3161996273849208,0.01789676688135327,0.9177094710756318,0.0012928708957134713,0.9583307214016938,0.0006253613535179973,0.0721098802753373,0.0013453589551400682,0.010027633695450965,9.013826250660223e-05
SOH_40to60,GaussianNoise,LSTM,0.014171495397448174,0.002307792172023049,0.018210459381678833,0.0030191349385243708,1.6161776700917496,0.2595209567299746,0.8674725544690867,0.041798058357296324,0.9316206936598856,0.022177872179861013,0.08158599747365251,0.00935071819889722,0.011999735013476542,0.0024346473198411816
SOH_40to60,GaussianNoise,Transformer,0.010918155250189378,0.00026630651340903616,0.015137151322321726,0.0004943735324947748,1.2430015691106016,0.03145996992624591,0.9107847501219037,0.005884828508025841,0.9547361624947512,0.003103209258894087,0.08427686041133534,0.008743848611303305,0.008145427552789986,0.00015776355534881476
SOH_40to60,GaussianNoise,PatchTST,0.014865187373865663,0.002250708387450501,0.019431023784933762,0.0025660494210589004,1.6876858453849248,0.25328684706455623,0.8505871884173988,0.04150585637503783,0.9246061041102486,0.021122886573631275,0.08957996027858464,0.011391243117367058,0.01178909939268632,0.002084370038933414
SOH_40to60,GaussianNoise,Informer,0.014173075945589942,0.00044953897220749455,0.018171787364932353,0.000417071722809944,1.6123838344126433,0.049273257332222056,0.8714974321601561,0.005869348622383858,0.9339921209517634,0.0030408348459366736,0.07523683741474077,0.004686841885106145,0.011790812117280535,0.0005989180161616492
SOH_40to60,GaussianNoise,iTransformer,0.01282460892968978,0.00028969110381376305,0.017159633532152253,0.00019501654843247698,1.4557705248874786,0.03107900217068787,0.8854592810590327,0.002607952876394486,0.9418470436717833,0.001513956986436637,0.08899514080322786,0.006102401350862808,0.010177879915733623,0.0005125180252327945
SOH_40to60,TimeWarping,MLP,0.011538656774539083,0.00031186602456741684,0.0145215722342411,0.00021521511557583787,1.3181293541598975,0.03351156931022948,0.9179628704485804,0.002451728657684718,0.958365142388948,0.0009080456875646708,0.07057418147896359,0.004619480279314844,0.009966248524830468,0.0003087519202067071
SOH_40to60,TimeWarping,CNN,0.010435903379870656,0.00047044899612239924,0.013805558934354794,0.0003670640845238259,1.1913377945672647,0.0526813905113573,0.9258172902633579,0.003916601470298836,0.9627267854135043,0.0020098832018657265,0.06935071783441289,0.0009870640219975834,0.0087617487688747,0.0009132040772566317
SOH_40to60,TimeWarping,RNN,0.011511215518090482,0.000373760312287302,0.014814282494880551,0.00047520409949488874,1.3185471070646986,0.04328831770637402,0.9145532233515044,0.005520545055044393,0.9565306217132793,0.002902991995969536,0.07370775938320677,0.0023186771918947305,0.010231993751707292,0.0002247223616901841
SOH_40to60,TimeWarping,LSTM,0.013101416904709774,0.0013434077296638888,0.01740227772297679,0.0023352603506789733,1.5025979603876598,0.1533890587545705,0.8800912006787938,0.03445321782845435,0.9402165290267513,0.016562530615587302,0.08108955517744387,0.006572725338595172,0.010429070671596995,0.000348114881781409
SOH_40to60,TimeWarping,Transformer,0.01085634187383344,0.0002292831958547643,0.01457379585714833,0.00031830704289927906,1.236517958255048,0.026511249852691463,0.9173504897987674,0.003588223772734668,0.9589551237603706,0.0016208345999507026,0.08027995129440339,0.005510785296754997,0.00858112049603551,0.0002917848383275786
SOH_40to60,TimeWarping,PatchTST,0.016937080176259955,0.0019211082752384478,0.02208748121466675,0.002426769464396448,1.9264878629042343,0.2168240536360362,0.8079601225877452,0.04007736922823106,0.9027161719715444,0.019784443248675107,0.09095056186545078,0.003366364463612957,0.01314653026019219,0.0013749281578471178
SOH_40to60,TimeWarping,Informer,0.014872540713605878,0.00021807182974137147,0.0197672170369121,0.000368161324295526,1.6990574303592794,0.02390998059592128,0.8479699343159751,0.00564218613323284,0.9232524042993603,0.0019087477084156108,0.08183690203780933,0.008496225464681576,0.01137998687298839,0.0004720017653449647
SOH_40to60,TimeWarping,iTransformer,0.014748113055440479,0.0012074030726407221,0.0191655128756053,0.001971301378711466,1.6731184233816898,0.14381585427444502,0.8556226144027443,0.029804158075895763,0.9285913011932294,0.01695903942751142,0.08205220081315798,0.0073510015632293774,0.011934801950824081,0.0008811966050275631
SOH_40to60,Scaling,MLP,0.011376397340554876,0.000182293905067023,0.014656354730728769,9.002228968611146e-05,1.3003458655024218,0.01985106643543289,0.9164481409633278,0.0010299950162447364,0.9579555374087938,0.0006409315412022214,0.07420080868495667,0.002859651986446761,0.009422274801898278,0.00022711593046795747
SOH_40to60,Scaling,CNN,0.009986400590911128,0.0001896948005601024,0.013325590108975549,0.0002521551770461943,1.1413819546300679,0.023872291919901808,0.9309098434640475,0.0026171965180789582,0.9652533499290321,0.0012318655504220276,0.06974969267675375,0.0014430159074617175,0.007869175844810661,0.00023081410167511467
SOH_40to60,Scaling,RNN,0.011593304448665766,0.00012142919636410037,0.01465060451504297,7.198053104484589e-05,1.3231944612451074,0.012640914419161127,0.9165148232485686,0.0008184369213128139,0.9576662242989251,0.0004947377056841585,0.07236475906865589,0.002318222192315706,0.010087582006678864,0.00013203634856564592
SOH_40to60,Scaling,LSTM,0.01389228564318038,0.002331652712043952,0.017670930752334064,0.002945389540103589,1.5834256131773494,0.26177786797132213,0.8751732280839558,0.04167551251067926,0.936840349454736,0.023148973560944662,0.07924878192277036,0.008442446865038856,0.011895875453091264,0.002600487576196822
SOH_40to60,Scaling,Transformer,0.011051563054061209,0.00022395389749359145,0.015663630527674978,0.0005083448245547316,1.2589069185579072,0.026410977382756388,0.9044721861296402,0.00619310320451177,0.9513022470535942,0.003152924832161954,0.09043765026918175,0.008174770412162219,0.007990522603593796,0.00023723418616639408
SOH_40to60,Scaling,PatchTST,0.015266347480258874,0.0010590898160518357,0.01999551288128032,0.001418411467812567,1.7333466570883023,0.12104745980722195,0.8437094290879801,0.021659811527936317,0.9206693255497955,0.011430759852868838,0.09320248048606747,0.006239492463848574,0.012182906556944862,0.001213643924701082
SOH_40to60,Scaling,Informer,0.014120039917136843,0.00019623448947400296,0.018468236339589043,0.0004123100454405378,1.6103007960344384,0.022799536739288483,0.8672742913360512,0.005966023525807352,0.9327403611424054,0.002535033183367917,0.07800075889919748,0.0035831378067584,0.011202599647464895,0.000551060677324241
SOH_40to60,Scaling,iTransformer,0.013062857285918125,0.0006599044871552016,0.01741603668376791,0.0004881790960981556,1.4845206716559844,0.0728295487981937,0.8819332651799078,0.006623232709217357,0.9400710239435206,0.0027300525781223488,0.09225760824045774,0.0034358977121223006,0.010303792464886441,0.0008740719064427712
SOH_50to50,Baseline,MLP,0.01352384184533231,0.000156561386781493,0.016739942612497893,0.00024703505773650074,1.5548797223023159,0.017419894974689425,0.8835626198407744,0.003444933835239384,0.940639930312462,0.0011843675338057383,0.07236567370194483,0.003216494691215348,0.011754470196196354,0.00016599926527793152
SOH_50to50,Baseline,CNN,0.014585204539789839,0.0013459129600048576,0.01819897555714937,0.0018387539861557912,1.6782294300893477,0.15357728371457452,0.8610064195465592,0.028484980214212287,0.929122215762686,0.01459302762153622,0.07822869141565295,0.003954146567750913,0.01243203496226325,0.0013301875293341501
SOH_50to50,Baseline,RNN,0.015291029184950289,0.0003899819684509706,0.019704306840518573,0.00018904502149584624,1.760356523848793,0.04212120383193615,0.8386933676656312,0.0030750622692721436,0.9165803277176565,0.0019473802574618085,0.08643490225135071,0.001297481495341518,0.013182377984257388,0.0011014558327299933
SOH_50to50,Baseline,LSTM,0.01639781798552433,0.0001329032691615465,0.021490235149946375,0.00011059851292144093,1.8886670751245713,0.013868506212866503,0.8081402982497705,0.0019779854398057715,0.8994644769085864,0.0009995621110357703,0.09037154883626355,0.0013185969076737116,0.013868366227872108,0.00038259029090780634
SOH_50to50,Baseline,Transformer,0.019290299605164825,0.0005550979837243712,0.024877751707867057,0.0007476467457141715,2.2128478793505963,0.0636793162449974,0.7426618046857266,0.015404248126893137,0.8662248665848242,0.006427350484229109,0.10789657174630449,0.008908456029438835,0.01567663607084485,0.0005424697561772024
SOH_50to50,Baseline,PatchTST,0.030610696820348816,0.0010352642811679333,0.03839258932376131,0.0013015394050915215,3.484469814722406,0.1142604441139331,0.3869674053603789,0.04103752189353144,0.7367454361245374,0.016695613637529368,0.1414108774639932,0.007900923825228326,0.02571193498334281,0.0009754927073401848
SOH_50to50,Baseline,Informer,0.017043035073699732,0.0006620189177633533,0.021620357524962015,0.0008425976566347703,1.9505232990404378,0.07389588498401692,0.805520066439547,0.015369306621922783,0.9016015740555551,0.007984034245225952,0.09710601734592192,0.007032298116368847,0.014389603937500106,0.0008038750724356664
SOH_50to50,Baseline,iTransformer,0.023021284662073,0.0024316341185626274,0.02948863795180647,0.0026603041120153797,2.6332787703120113,0.2717020245693013,0.6358170367813065,0.06474161972440956,0.8219398684072592,0.027803137660530938,0.11892646502538415,0.011270737759299135,0.01881318653327694,0.0024921873536392198
SOH_50to50,Proposed,MLP,0.011951506595723868,0.00038289462056010514,0.015261950340418513,0.0003206371791628121,1.3745261431849756,0.04373218220349009,0.9031941408230028,0.004125925630369567,0.9508171381905193,0.002181478719264219,0.07382467607139871,0.0009693319225922315,0.010299629408206923,0.00029848347289507547
SOH_50to50,Proposed,CNN,0.01125658944061904,0.00031169255493536206,0.014656949797430905,0.00033052775645575253,1.2907577539506931,0.035699808144942884,0.9107110060629335,0.004054711680332761,0.9547686713084763,0.0017703735332109374,0.07135885127837642,0.001959695580496277,0.009534097572756995,0.0005086632678584536
SOH_50to50,Proposed,RNN,0.011433023163046296,0.00014592512154471083,0.014938672292393535,0.00011069834653770332,1.315180780555,0.016231327902584705,0.9072876104560776,0.0013797958219466894,0.9532730229520807,0.0006450496355306177,0.0727559329741714,0.0013814941680541449,0.00964470181604049,0.00031118142555260986
SOH_50to50,Proposed,LSTM,0.01266575159097639,0.00284175193849019,0.01614975317525478,0.002935174035660517,1.4540334764157374,0.3218766007086174,0.888072832242532,0.044680824702590265,0.9437303368287118,0.02214128003464185,0.07459246941141626,0.004701008651956902,0.011154066549768582,0.003293071806395674
SOH_50to50,Proposed,Transformer,0.010257458968365104,0.0005331792705322714,0.013709621350633036,0.0005127136232922678,1.1766341525493216,0.06127501283719024,0.9218106082723858,0.005889857517899333,0.961725722542681,0.0023486919884362226,0.06969437801578464,0.004114602668454723,0.008145375920265685,0.0005489140657296607
SOH_50to50,Proposed,PatchTST,0.014653449583152182,0.001536723392928757,0.018915305454170275,0.0018332743264701003,1.6750317390445857,0.17670536130237266,0.8499703293990688,0.03029484749514495,0.9234638971117806,0.01638993453552711,0.08360631914379828,0.00890093964867153,0.012089634614486155,0.0012608557075818143
SOH_50to50,Proposed,Informer,0.013798662100792766,0.0003853725209615661,0.017150997581672094,0.0004768645929568152,1.5840593849549864,0.04311708910034619,0.8777062385157356,0.006877251967041962,0.937257706583304,0.0037949101601426147,0.0726922744972635,0.0034541389847466473,0.012046961070698792,0.0003346718955812003
SOH_50to50,Proposed,iTransformer,0.012372352415650757,0.0005161586679499258,0.016141828067525343,0.0007014577205158431,1.4150227668839022,0.05985543006093986,0.8915537056636225,0.00957431849795412,0.9459823168649825,0.004141964708107118,0.08587073283531346,0.011868455076737701,0.01036944838288012,0.0005076548476947
SOH_50to50,DE-DDPM,MLP,0.01280130570353075,0.00018249783449168671,0.01656884827082743,0.00018805347804662796,1.473361663479445,0.02211811626806998,0.8859407502674477,0.002596634599338002,0.942791649038538,0.0014533022694991373,0.08690774700870563,0.0013248248334169178,0.010626020722998175,0.0001747164446827673
SOH_50to50,DE-DDPM,CNN,0.012817631562115933,0.00019362114003252471,0.016693111251625342,0.00020827790853771624,1.472758732190915,0.02306375742270746,0.8842203839261409,0.0028724487305820993,0.9411595919314999,0.0012534301636743625,0.08761066924509994,0.0010490544410379924,0.010722077871343105,0.00017181574765603771
SOH_50to50,DE-DDPM,RNN,0.012503626304050868,7.911023721144e-05,0.01629435238319418,6.155430325036459e-05,1.4392331865462586,0.008105204101514813,0.889701315415356,0.0008330234633320521,0.9446448802091918,0.0005198640277227637,0.08676238522522868,0.0016077143635934562,0.010312466728981229,0.0001124061422168374
SOH_50to50,DE-DDPM,LSTM,0.027136992060914567,0.0006771079203438697,0.030845343176154994,0.0004446083164126154,3.0522608115158993,0.07482106032126613,0.6046703730822021,0.01143020947180692,0.8734855769817761,0.008405941875295819,0.09273588473937677,0.005794137029738309,0.026923970137427165,0.001129572879639346
SOH_50to50,DE-DDPM,Transformer,0.012346296794353662,0.0008465097209597547,0.015949827287493442,0.0009367813033537035,1.4137449684678467,0.09391959767476665,0.8939532298158326,0.01277869248616001,0.9473960763680667,0.004743832111664506,0.0816611832804306,0.005790798511279725,0.010470876788974926,0.0008097750591480737
SOH_50to50,DE-DDPM,PatchTST,0.015333495783894058,0.0005256577954503558,0.01996674308828926,0.0005702253898547861,1.7585623088411197,0.05948504163958841,0.834248123293776,0.009509833311821361,0.9165894196851324,0.0036809755706293038,0.09767493400377161,0.01103500735301329,0.012487213903453953,0.0005783043679513823
SOH_50to50,DE-DDPM,Informer,0.01444268281322111,0.00022350202075117843,0.018281119612276294,0.0002754608201537519,1.6563462607930144,0.025043260860154397,0.8611345834310218,0.0041643964223262685,0.9301372556634799,0.0017379999585501649,0.08494431847955981,0.002273701844109286,0.012122824001153632,0.0003658769964699283
SOH_50to50,DE-DDPM,iTransformer,0.013595095076275848,0.00043131519942335325,0.017787256279424714,0.00036802889380526527,1.5594579399604835,0.04281567640160883,0.8685096946172146,0.005420003951046369,0.9347490641371697,0.004054850945805808,0.0935821005078431,0.013311195037509636,0.011235172394269844,0.0008223881656245457
SOH_50to50,DDPM,MLP,0.013150057846522175,0.00029869736428423597,0.016756108731918094,0.00029855533478202723,1.5206226001351995,0.033758511947264314,0.8833259910225996,0.004156340886749553,0.9467239868110411,0.0017012687039013763,0.07136047106442678,0.0017088044118715568,0.010273585962912824,0.0003141562161806109
SOH_50to50,DDPM,CNN,0.01229517930209234,0.0008601373630425025,0.016186440067516374,0.00088275419999906,1.4220352168343904,0.10278189900108152,0.8908352572123798,0.011642360283182416,0.9491831499992609,0.005273915819173641,0.07945987928584997,0.002102106243125787,0.009442092839967931,0.0006836040891085312
SOH_50to50,DDPM,RNN,0.013533043872223339,0.00016327566285754313,0.017663158689179673,0.0003001627552766174,1.5701530441813139,0.019266775072640283,0.8703561054551348,0.004383434700930628,0.9395486138187203,0.0015037874412027698,0.0830073287533234,0.0022406227926386533,0.010137789473379876,0.00025938387904634127
SOH_50to50,DDPM,LSTM,0.016351009119099074,0.0010575617224672829,0.021499209811378456,0.0013835902551638838,1.8939237800743058,0.12056864321263319,0.8071898509459337,0.02432429655767862,0.9096024150038419,0.013097998401045358,0.09310707538274465,0.0031280638714898555,0.01179903201516086,0.0009455340213017712
SOH_50to50,DDPM,Transformer,0.012450225113244808,0.0004906695225818231,0.016503907623881164,0.0006913305638705861,1.4365830213161424,0.05717781825545656,0.8866491253833255,0.009546606658713482,0.9504961654674403,0.004083821330567632,0.08386292983950587,0.006560038944193008,0.009643374122556581,0.00036689027972653434
SOH_50to50,DDPM,PatchTST,0.020613790995664506,0.0009786252291049573,0.026779310116491713,0.0011438395598364075,2.3662888780443745,0.11065909661389425,0.7015439945354126,0.025101721359429726,0.8662930784512849,0.011819407098045685,0.11516263692519524,0.014155156455031908,0.01615843833357109,0.001042238273316585
SOH_50to50,DDPM,Informer,0.01577889078615711,0.0005074652193612482,0.020399926214309055,0.0002555228742254514,1.8173390786534642,0.05474000227989269,0.8270919342312812,0.0043096524111295685,0.9179797028164505,0.0016215582470047992,0.08747455705956082,0.009416861947204206,0.01245946806007051,0.0010396087344670861
SOH_50to50,DDPM,iTransformer,0.016096035704648536,0.0010777999513820206,0.021421693625787896,0.0011273149899332369,1.8558230686726234,0.12367813404020848,0.8088393054328218,0.01984990414356308,0.9088986021317144,0.011020181482281914,0.10472017130156075,0.01139752304362919,0.012143662887990892,0.0010426081617258755
SOH_50to50,GAN,MLP,0.013276743617384656,0.00020956834326750254,0.016349767756752846,0.00010028495355276549,1.5264275254364654,0.02196261257217791,0.8889472181084578,0.0013603559498899782,0.9433515221451797,0.0007861040434256283,0.07393518442570841,0.004052302220350315,0.011558383145559658,0.0004413090407195083
SOH_50to50,GAN,CNN,0.011569276987769248,0.00035449246075474136,0.014939620949838611,0.0003869932160361475,1.329874530124751,0.04116858073486944,0.9072187110321159,0.004849978206480821,0.9531475058396962,0.0025193371076091945,0.07097619526416762,0.003859202688427672,0.009679264627856255,0.00037058871118907604
SOH_50to50,GAN,RNN,0.06740466163162476,0.000971489423154672,0.08026709511693071,0.0011025503216336634,7.66516087714979,0.10932564153300425,-1.6769912609919089,0.07337383823224401,0.34077827684373424,0.009195956872240405,0.23086850701540157,0.0040118681722784285,0.06360505494774635,0.0009675546419026244
SOH_50to50,GAN,LSTM,0.0680404401560959,0.0006482050106587293,0.08101225382510054,0.0008098917700044219,7.740456724373795,0.07284538876552263,-1.726683682772761,0.05458013082597687,0.3337947242317213,0.008320106432785497,0.23570369229376614,0.004824662464424197,0.06375788279424772,0.0005019862179139985
SOH_50to50,GAN,Transformer,0.01675868215605069,0.00030570677554339783,0.021435188086762137,0.00037064080087896643,1.9261193512866375,0.034260483903736594,0.8090699205259749,0.006597339662080939,0.9007008888260952,0.003600928221382099,0.09339062645445553,0.0056608928449746404,0.014091219579144188,0.00034412005638843516
SOH_50to50,GAN,PatchTST,0.01941273122355819,0.0019313663205380598,0.024584845766553384,0.0021464313754006024,2.2211987086767904,0.2194161614006637,0.7469986887028897,0.045359076366170994,0.8709652026955934,0.02268065693419789,0.11140958969609549,0.006994380735047923,0.01630150763296586,0.0018090844725140004
SOH_50to50,GAN,Informer,0.016691778305653802,0.0016354371357160521,0.021590388058835282,0.002096104513248616,1.9185295349552327,0.18737460201478684,0.8045277550802373,0.0357244208646547,0.8996744305973692,0.018221509668381018,0.10450893821870275,0.015667769954991726,0.013823769003748033,0.001479200532805617
SOH_50to50,GAN,iTransformer,0.017057699422096985,0.00025800856051975057,0.02222897012871142,0.00027771238612932665,1.9597626347182775,0.028918643615821048,0.7946964818049678,0.005140119700082755,0.8936234281334743,0.002451696385240851,0.09522086372372676,0.009272282271335794,0.013683262152777254,0.00046224390416899807
SOH_50to50,VAE,MLP,0.015775344494101166,0.00046687099014473116,0.019905639117950846,0.0004043689781093258,1.8086784002360752,0.05033440836408666,0.8353273922195947,0.006679186352822217,0.9356878248548053,0.0048770795027942675,0.09788173849125328,0.001987986807144489,0.014223887137700054,0.0008122499977097251
SOH_50to50,VAE,CNN,0.012845215081272579,0.001278861873248462,0.016971583032964442,0.001623469828070862,1.4790837960946348,0.14797411556796963,0.8792490479762124,0.02255756899800242,0.9419611488002158,0.009343269509355146,0.09763048282593072,0.009406271600835589,0.010736537928597734,0.0010733237413543448
SOH_50to50,VAE,RNN,0.018244256949172123,0.0001682865365620325,0.024021204883282143,0.00026422497183652534,2.1088815550016293,0.016941408193221486,0.7602646677186463,0.005276130129224958,0.9018916377685631,0.002537753448041435,0.11261612377351157,0.002506086137528583,0.014654136537661622,0.0004509761196844885
SOH_50to50,VAE,LSTM,0.019111236754596455,0.00013929204649857458,0.02516536130911341,0.00011716588701204382,2.2068615408080072,0.014935712809227154,0.7369091879574434,0.0024524312354401692,0.8864742084666857,0.0006562404652082582,0.11637963617769435,0.0006743502222766818,0.015322914923295072,0.0002510970184611827
SOH_50to50,VAE,Transformer,0.017910411418597214,0.001560043288028888,0.024154319084224878,0.0021098597221225184,2.072475701048198,0.18419715232918768,0.7557803740028898,0.0426218721291779,0.8777513841866605,0.01673049202473973,0.11628653536017357,0.009719140116794464,0.013781989440239761,0.0010690273283064813
SOH_50to50,VAE,PatchTST,0.020616312490434562,0.0007418728802840031,0.02710195612239128,0.0010463789320654317,2.374599928571452,0.08215330607093245,0.6944107283422152,0.02337608272865596,0.84149696392645,0.01275130845347974,0.11485447336672287,0.007246717802763894,0.01611730933986998,0.0006379491318626951
SOH_50to50,VAE,Informer,0.018147599678314585,0.00047893143390686355,0.023681939842259924,0.0004760270649783382,2.097408353969839,0.0529142127909734,0.7669227351786827,0.009294293915167206,0.8781188762774894,0.005679532090342473,0.11264630962247543,0.006123585637991171,0.014740342200356027,0.0010310102047832602
SOH_50to50,VAE,iTransformer,0.019145631953328964,0.0008350435947475196,0.02499310278257947,0.001011818006073988,2.199848742145433,0.09212593082861315,0.7400789338089631,0.020608856233054907,0.8671669946556838,0.009470375554227634,0.11117992822768101,0.0038881652142921876,0.015707109586730217,0.0012750405630272603
SOH_50to50,GaussianNoise,MLP,0.011764995135188767,9.692548580998142e-05,0.015124243813388515,0.00017111505960541745,1.355275270745449,0.01099566757893359,0.9049629700482434,0.0021415790589505,0.9514728868731167,0.0010876613373699262,0.07435595114376492,0.0020845086680161737,0.010135409951613761,9.955911582913068e-05
SOH_50to50,GaussianNoise,CNN,0.011010141991537535,0.00019598260825810887,0.01437724922989013,0.00016748966409893767,1.2685950439940183,0.023092429838370492,0.9141183330206456,0.0019990259162574195,0.9563613092632821,0.0010893710630737441,0.07117254047742619,0.0021815159103707954,0.009113403140234521,0.00035114912609336273
SOH_50to50,GaussianNoise,RNN,0.011894780813227248,0.00013446562503597774,0.015177906126054208,0.00015482237734523353,1.3700225342311372,0.01463617760466253,0.9042896645922769,0.001961342605168372,0.9513293334799853,0.0009996087074527363,0.07386556017941288,0.002354712444937985,0.010165375993545289,0.00015705345100772795
SOH_50to50,GaussianNoise,LSTM,0.01389261846376306,0.002339967864179674,0.018066039329927612,0.003012127172906402,1.6023402136721632,0.2680495026085016,0.8606446033949335,0.04528768102695846,0.928263876417744,0.024303698795654135,0.08248319667190052,0.007856070748714993,0.01186470711094927,0.0022955719828175064
SOH_50to50,GaussianNoise,Transformer,0.012107634032815255,0.0002312349894443859,0.017041865099615118,0.00032569053636454995,1.3961034069443266,0.025797458469020606,0.8793068101901758,0.004632574401637625,0.9422512809789929,0.0028866413052665275,0.08945655559490144,0.0015334238012367455,0.008715123124150237,0.0004925667813073847
SOH_50to50,GaussianNoise,PatchTST,0.017132340190046915,0.0024925857804692303,0.022310150246603117,0.0032813957390648275,1.9621868840679615,0.2864207611342095,0.7887533968479655,0.06250154729771427,0.8932724600498874,0.03202560529644626,0.11024912658257062,0.01835741993895891,0.013701000137722108,0.0019543707944657887
SOH_50to50,GaussianNoise,Informer,0.014059468973863667,0.00021166501014947004,0.017839800860997422,0.0004369779029464106,1.6158413732628065,0.026438886593904806,0.8677089624138808,0.006411894173150549,0.93212197206847,0.003090917006600469,0.07984263856510757,0.0040804322401250025,0.011745692667052799,0.0002555005906575289
SOH_50to50,GaussianNoise,iTransformer,0.013048483529020957,0.0004981718934611892,0.017371277705788,0.0006872132302582488,1.4954079064331816,0.0584903024004434,0.8744454079829387,0.009996114844429624,0.9357483441885772,0.005447446492305727,0.09536251386630874,0.009392360873303151,0.010435040866629598,0.00036992274190102343
SOH_50to50,TimeWarping,MLP,0.011830161249775133,0.0001646299467171881,0.015084366985623446,8.260038091899894e-05,1.3625519168169034,0.01704719771998708,0.9054727270478153,0.0010364092531652176,0.9520423865857198,0.0008363274331114907,0.07173213377658894,0.0034857482663900475,0.010287200721982703,0.00025292010479281956
SOH_50to50,TimeWarping,CNN,0.011315315528647438,0.0003365917794390445,0.014776398783452788,0.00024514537959122965,1.302589420257347,0.03779330629980655,0.909270889711844,0.0030130085207603252,0.9541013532313961,0.001334080990926643,0.07192466408390374,0.003998434842087438,0.00957641116408876,0.0005070923496723345
SOH_50to50,TimeWarping,RNN,0.011247508698317022,0.00015943220996401052,0.014566044303605155,8.0887238797525e-05,1.2969376308218135,0.01750127141619867,0.91185725478192,0.0009805222909619316,0.9550936829648935,0.0005584649902015522,0.06972053652784735,0.0033736079242408772,0.009434291903142478,0.0003056996056072669
SOH_50to50,TimeWarping,LSTM,0.014068581086823028,0.0017697718230091192,0.018679317109210232,0.0029496349366226844,1.6271667050243592,0.20647057880263273,0.8514377846795463,0.04496239820069195,0.9246848802197137,0.022724541608849135,0.08243357339033237,0.00824886980085621,0.011392386054913018,0.0011042721173534506
SOH_50to50,TimeWarping,Transformer,0.011622400978093356,0.0002797051939481213,0.015343428233965123,0.0005680735107495584,1.3378009742357968,0.034065075741183705,0.9020668667188705,0.007317846567101168,0.9504246999430706,0.0038218852403321822,0.07558030876859483,0.004737109180549548,0.00936193113305519,0.00018336490265793658
SOH_50to50,TimeWarping,PatchTST,0.0182026388416213,0.0020902274201753043,0.023764941555458115,0.0026439765062878902,2.0879202060181905,0.23936028942536003,0.7624768086925215,0.04973775248262738,0.8840106234418496,0.02292046950825115,0.10493216264491947,0.005991222462281857,0.014299760394659789,0.001753610572281913
SOH_50to50,TimeWarping,Informer,0.01488820583379733,0.00034165070045687407,0.019212903821994136,0.0003592245502692221,1.715446830904903,0.0374089377772644,0.8465991597226082,0.00572141674354491,0.9215357208347099,0.0034090470758018788,0.08589849638127671,0.004394400585065501,0.011977049157481734,0.0004949873373646271
SOH_50to50,TimeWarping,iTransformer,0.014146287348133857,0.001355070718068949,0.01860736683560734,0.00164520246720956,1.6267127499147833,0.15663430475187506,0.8550421732658695,0.026821264144176953,0.9262587634360641,0.014921069341490257,0.09006663960204178,0.004218807396343751,0.011524835281651546,0.001224161239304468
SOH_50to50,Scaling,MLP,0.011883551078896892,0.0001695310241816115,0.015172510993978894,0.00016689401474981878,1.3678438739624623,0.018793929132967162,0.9043560743791513,0.0021000174939481944,0.9516084065323458,0.0010356158000439952,0.07407554227996596,0.00224085370212407,0.010211137162290274,0.0002904096644339012
SOH_50to50,Scaling,CNN,0.010969677276184087,0.0002660945397190113,0.014324886607388667,0.0002855089439798224,1.264760562190514,0.03163626857309121,0.9147204697560193,0.003425185383843823,0.956894554921244,0.001922803953848614,0.07005040049870652,0.0025251545751416647,0.009094452528574382,0.00039582423947701284
SOH_50to50,Scaling,RNN,0.01204414071591888,0.00024854712456592713,0.01549260642239222,0.00022589865120772152,1.3892249637467446,0.028022312816825854,0.9002687579519172,0.0029038449929853754,0.9492934299191382,0.0013870420632394738,0.07688570290282189,0.0015150126986301171,0.010203076587628025,0.0003599614220968363
SOH_50to50,Scaling,LSTM,0.014249928556470285,0.0021656218476565534,0.018327474692943702,0.0027428617441194883,1.6422481296961262,0.24776381861214275,0.857335792103715,0.04191087999470773,0.9264906189174071,0.022679075777758132,0.08262784150089615,0.007521862014692751,0.01234176213186312,0.0022751066258831104
SOH_50to50,Scaling,Transformer,0.011553291190683858,0.00045102623167790704,0.015849392497673205,0.0006028842465579403,1.3281270867421326,0.0529504729021421,0.8954935487325433,0.007990846703994447,0.9478843776163892,0.004018966899472341,0.08429888537101822,0.006179253247022361,0.008689842365001865,0.00056294560365542
SOH_50to50,Scaling,PatchTST,0.01702828720115912,0.0030853147889114796,0.021889068131452617,0.0037731201573771573,1.947003227892377,0.35260234836903126,0.7950439817283852,0.0705905219223834,0.8946244973362507,0.036483227936104694,0.10156160620595059,0.016363173329368548,0.014005314860306128,0.002827938296645512
SOH_50to50,Scaling,Informer,0.014189154006835212,0.00025706165673015875,0.018129480325059934,0.0004709225235736465,1.6300798873528426,0.030508264929027716,0.8633676401266088,0.007049288218471598,0.9302336599645779,0.003470099521195201,0.07952830565758007,0.00708153727998981,0.01172815383613054,0.0005599004602157509
SOH_50to50,Scaling,iTransformer,0.013162562466697947,0.0008216118763666435,0.017409625690717405,0.0007075187451801488,1.5083059985031324,0.09260595926591245,0.8738795618120786,0.010256739996292305,0.9356817765441443,0.005313546022732536,0.09209506905372915,0.005950278785516998,0.010595545731897782,0.0009865968519897647
